﻿<parameters>
  <parameter name="IIS Web Application Name" defaultValue="PrimaryPackage" tags="IisApp">
    <parameterEntry kind="ProviderPath" scope="IisApp" match="^C:\\Projects\\WingTipTickets\\WebPortal\\Tenant\.Mvc\\obj\\Release\\Package\\PackageTmp$" />
    <parameterEntry kind="ProviderPath" scope="setAcl" match="^C:\\Projects\\WingTipTickets\\WebPortal\\Tenant\.Mvc\\obj\\Release\\Package\\PackageTmp$" />
  </parameter>
  <parameter name="Add write permission to App_Data Folder" description="Add write permission to App_Data folder" defaultValue="{IIS Web Application Name}/App_Data" tags="Hidden">
    <parameterEntry kind="ProviderPath" scope="setAcl" match="^C:\\Projects\\WingTipTickets\\WebPortal\\Tenant\.Mvc\\obj\\Release\\Package\\PackageTmp\\App_Data$" />
  </parameter>
  <parameter name="DefaultConnection-Web.config Connection String" defaultValue="DefaultConnection_ConnectionString">
    <parameterEntry kind="XmlFile" scope="C:\\Projects\\WingTipTickets\\WebPortal\\Tenant\.Mvc\\obj\\Release\\Package\\PackageTmp\\Web\.config$" match="/configuration/connectionStrings/add[@name='DefaultConnection']/@connectionString" />
  </parameter>
  <parameter name="Tenant.Mvc.Core.Contexts.WingTipTicketsEntities-Web.config Connection String" defaultValue="Tenant.Mvc.Core.Contexts.WingTipTicketsEntities_ConnectionString">
    <parameterEntry kind="XmlFile" scope="C:\\Projects\\WingTipTickets\\WebPortal\\Tenant\.Mvc\\obj\\Release\\Package\\PackageTmp\\Web\.config$" match="/configuration/connectionStrings/add[@name='Tenant.Mvc.Core.Contexts.WingTipTicketsEntities']/@connectionString" />
  </parameter>
</parameters>